{"cameraMode":{"drawMode":0,"name":"Shaded","section":"Shading Mode"},"sceneLighting":false,"audioPlay":false,"sceneViewState":{"showFog":true,"showMaterialUpdate":false,"showSkybox":false,"showFlares":true,"showImageEffects":true,"showParticleSystems":true},"in2DMode":false,"pivot":{"x":-22.41815185546875,"y":-8.400430679321289,"z":-7.659423828125},"rotation":{"x":-0.09144487977027893,"y":0.8200609683990479,"z":-0.13681212067604066,"w":-0.5481228828430176},"size":15.266157150268555,"orthographic":false}