{"cameraMode":{"drawMode":0,"name":"Shaded","section":"Shading Mode"},"sceneLighting":true,"audioPlay":false,"sceneViewState":{"showFog":true,"showMaterialUpdate":false,"showSkybox":true,"showFlares":true,"showImageEffects":true,"showParticleSystems":true},"in2DMode":false,"pivot":{"x":16.372440338134767,"y":0.14843454957008363,"z":-11.561440467834473},"rotation":{"x":-0.0014364124508574606,"y":-0.9964317679405212,"z":0.08270341157913208,"w":-0.017336945980787278},"size":0.8627750277519226,"orthographic":false}