{"cameraMode":{"drawMode":0,"name":"Shaded","section":"Shading Mode"},"sceneLighting":true,"audioPlay":false,"sceneViewState":{"showFog":true,"showMaterialUpdate":false,"showSkybox":false,"showFlares":true,"showImageEffects":true,"showParticleSystems":true},"in2DMode":false,"pivot":{"x":22.093475341796876,"y":23.601882934570314,"z":-10.897720336914063},"rotation":{"x":0.20679742097854615,"y":0.5615840554237366,"z":-0.1474762111902237,"w":0.7874739766120911},"size":294.22503662109377,"orthographic":false}