{"cameraMode":{"drawMode":0,"name":"Shaded","section":"Shading Mode"},"sceneLighting":true,"audioPlay":false,"sceneViewState":{"showFog":true,"showMaterialUpdate":false,"showSkybox":true,"showFlares":true,"showImageEffects":true,"showParticleSystems":true},"in2DMode":false,"pivot":{"x":12.087296485900879,"y":-0.20421206951141358,"z":-12.18511962890625},"rotation":{"x":0.20679742097854615,"y":0.5615840554237366,"z":-0.1474762111902237,"w":0.7874739766120911},"size":0.5562323331832886,"orthographic":false}