{"cameraMode":{"drawMode":0,"name":"Shaded","section":"Shading Mode"},"sceneLighting":false,"audioPlay":false,"sceneViewState":{"showFog":true,"showMaterialUpdate":false,"showSkybox":false,"showFlares":true,"showImageEffects":true,"showParticleSystems":true},"in2DMode":false,"pivot":{"x":2.819999933242798,"y":-1.4173622131347657,"z":-4.119999885559082},"rotation":{"x":-0.10028024762868881,"y":0.08407130837440491,"z":-0.008500705473124981,"w":-0.9913707971572876},"size":1.2247449159622193,"orthographic":false}