{"cameraMode":{"drawMode":0,"name":"Shaded","section":"Shading Mode"},"sceneLighting":true,"audioPlay":false,"sceneViewState":{"showFog":true,"showMaterialUpdate":false,"showSkybox":true,"showFlares":true,"showImageEffects":true,"showParticleSystems":true},"in2DMode":false,"pivot":{"x":4.090157985687256,"y":-0.6327537894248962,"z":18.233299255371095},"rotation":{"x":-0.16880415380001069,"y":0.13759875297546388,"z":-0.023804480209946634,"w":-0.9757164716720581},"size":1.3338367938995362,"orthographic":false}