{"cameraMode":{"drawMode":0,"name":"Shaded","section":"Shading Mode"},"sceneLighting":false,"audioPlay":false,"sceneViewState":{"showFog":true,"showMaterialUpdate":false,"showSkybox":false,"showFlares":true,"showImageEffects":true,"showParticleSystems":true},"in2DMode":false,"pivot":{"x":-41.03341293334961,"y":0.22870120406150819,"z":-46.02655029296875},"rotation":{"x":0.00035092735197395086,"y":0.9996140599250794,"z":-0.014995336532592774,"w":0.02339356020092964},"size":1.7183973789215088,"orthographic":false}