{"cameraMode":{"drawMode":0,"name":"Shaded","section":"Shading Mode"},"sceneLighting":false,"audioPlay":false,"sceneViewState":{"showFog":true,"showMaterialUpdate":false,"showSkybox":false,"showFlares":true,"showImageEffects":true,"showParticleSystems":true},"in2DMode":false,"pivot":{"x":0.0,"y":0.12333029508590698,"z":-0.018345117568969728},"rotation":{"x":0.35631343722343447,"y":-0.0950774997472763,"z":0.036469779908657077,"w":0.9288082122802734},"size":2.7234556674957277,"orthographic":false}