{"cameraMode":{"drawMode":0,"name":"Shaded","section":"Shading Mode"},"sceneLighting":false,"audioPlay":false,"sceneViewState":{"showFog":true,"showMaterialUpdate":false,"showSkybox":false,"showFlares":true,"showImageEffects":true,"showParticleSystems":true},"in2DMode":false,"pivot":{"x":-45.66615676879883,"y":0.9093626141548157,"z":-64.5569076538086},"rotation":{"x":-0.16351936757564546,"y":0.04083968326449394,"z":-0.006777769420295954,"w":-0.9856775999069214},"size":1.9081811904907227,"orthographic":false}