{"cameraMode":{"drawMode":0,"name":"Shaded","section":"Shading Mode"},"sceneLighting":true,"audioPlay":false,"sceneViewState":{"showFog":true,"showMaterialUpdate":false,"showSkybox":false,"showFlares":true,"showImageEffects":true,"showParticleSystems":true},"in2DMode":false,"pivot":{"x":0.5522825717926025,"y":2.0399656295776369,"z":-0.009853601455688477},"rotation":{"x":-0.015946203842759134,"y":-0.17164134979248048,"z":-0.0028042227495461704,"w":0.9850515127182007},"size":2.4522132873535158,"orthographic":false}