{"cameraMode":{"drawMode":0,"name":"Shaded","section":"Shading Mode"},"sceneLighting":true,"audioPlay":false,"sceneViewState":{"showFog":true,"showMaterialUpdate":false,"showSkybox":true,"showFlares":true,"showImageEffects":true,"showParticleSystems":true},"in2DMode":false,"pivot":{"x":-15.804659843444825,"y":1.2563318014144898,"z":-4.216401100158691},"rotation":{"x":-0.02412288449704647,"y":-0.7022348642349243,"z":0.023806340992450715,"w":-0.7111507058143616},"size":3.1602160930633547,"orthographic":false}