{"cameraMode":{"drawMode":0,"name":"Shaded","section":"Shading Mode"},"sceneLighting":true,"audioPlay":false,"sceneViewState":{"showFog":true,"showMaterialUpdate":false,"showSkybox":true,"showFlares":true,"showImageEffects":true,"showParticleSystems":true},"in2DMode":false,"pivot":{"x":-93.29983520507813,"y":-64.33688354492188,"z":20.237403869628908},"rotation":{"x":-0.3091270327568054,"y":0.2737492322921753,"z":-0.0933852270245552,"w":-0.9060003161430359},"size":69.80496978759766,"orthographic":false}