{"cameraMode":{"drawMode":0,"name":"Shaded","section":"Shading Mode"},"sceneLighting":true,"audioPlay":false,"sceneViewState":{"showFog":true,"showMaterialUpdate":true,"showSkybox":false,"showFlares":true,"showImageEffects":true,"showParticleSystems":true},"in2DMode":false,"pivot":{"x":0.6279077529907227,"y":3.0,"z":-1.5699996948242188},"rotation":{"x":-0.21116304397583009,"y":0.04572151601314545,"z":-0.009889635257422924,"w":-0.9763368368148804},"size":24.24871063232422,"orthographic":false}