{"cameraMode":{"drawMode":0,"name":"Shaded","section":"Shading Mode"},"sceneLighting":false,"audioPlay":false,"sceneViewState":{"showFog":true,"showMaterialUpdate":true,"showSkybox":false,"showFlares":true,"showImageEffects":true,"showParticleSystems":true},"in2DMode":false,"pivot":{"x":-2.012697219848633,"y":1.362705945968628,"z":-3.5499649047851564},"rotation":{"x":0.14355461299419404,"y":-0.5463801026344299,"z":0.09570252895355225,"w":0.8195748925209045},"size":5.400017738342285,"orthographic":false}