{"cameraMode":{"drawMode":0,"name":"Shaded","section":"Shading Mode"},"sceneLighting":false,"audioPlay":false,"sceneViewState":{"showFog":true,"showMaterialUpdate":true,"showSkybox":false,"showFlares":true,"showImageEffects":true,"showParticleSystems":true},"in2DMode":false,"pivot":{"x":7.11676025390625,"y":-9.977724075317383,"z":7.274753570556641},"rotation":{"x":-0.2101650834083557,"y":0.6521397829055786,"z":-0.19531841576099397,"w":-0.701716959476471},"size":8.917913436889649,"orthographic":false}