{"cameraMode":{"drawMode":0,"name":"Shaded","section":"Shading Mode"},"sceneLighting":false,"audioPlay":false,"sceneViewState":{"showFog":true,"showMaterialUpdate":true,"showSkybox":false,"showFlares":true,"showImageEffects":true,"showParticleSystems":true},"in2DMode":false,"pivot":{"x":5.615145206451416,"y":1.943242073059082,"z":7.328764915466309},"rotation":{"x":-0.16067935526371003,"y":0.08604391664266586,"z":-0.014062337577342987,"w":-0.9831545352935791},"size":6.600018501281738,"orthographic":false}