{"cameraMode":{"drawMode":0,"name":"Shaded","section":"Shading Mode"},"sceneLighting":false,"audioPlay":false,"sceneViewState":{"showFog":true,"showMaterialUpdate":true,"showSkybox":false,"showFlares":true,"showImageEffects":true,"showParticleSystems":true},"in2DMode":false,"pivot":{"x":-5.71999979019165,"y":16.020000457763673,"z":-16.469999313354493},"rotation":{"x":-0.16067935526371003,"y":0.08604391664266586,"z":-0.014062337577342987,"w":-0.9831545352935791},"size":7.378536701202393,"orthographic":false}