{"cameraMode":{"drawMode":0,"name":"Shaded","section":"Shading Mode"},"sceneLighting":false,"audioPlay":false,"sceneViewState":{"showFog":true,"showMaterialUpdate":true,"showSkybox":false,"showFlares":true,"showImageEffects":true,"showParticleSystems":true},"in2DMode":false,"pivot":{"x":-0.4473881721496582,"y":-1.709852933883667,"z":0.050160884857177737},"rotation":{"x":-0.2101650834083557,"y":0.6521397829055786,"z":-0.19531841576099397,"w":-0.701716959476471},"size":5.068126201629639,"orthographic":false}