{"cameraMode":{"drawMode":0,"name":"Shaded","section":"Shading Mode"},"sceneLighting":false,"audioPlay":false,"sceneViewState":{"showFog":true,"showMaterialUpdate":true,"showSkybox":false,"showFlares":true,"showImageEffects":true,"showParticleSystems":true},"in2DMode":false,"pivot":{"x":-3.7994842529296877,"y":-3.3296704292297365,"z":-6.562979698181152},"rotation":{"x":0.14355461299419404,"y":-0.5463801026344299,"z":0.09570252895355225,"w":0.8195748925209045},"size":11.461073875427246,"orthographic":false}