{"cameraMode":{"drawMode":0,"name":"Shaded","section":"Shading Mode"},"sceneLighting":false,"audioPlay":false,"sceneViewState":{"showFog":true,"showMaterialUpdate":true,"showSkybox":false,"showFlares":true,"showImageEffects":true,"showParticleSystems":true},"in2DMode":false,"pivot":{"x":-3.032470703125,"y":2.942636728286743,"z":-4.51283073425293},"rotation":{"x":0.14355461299419404,"y":-0.5463801026344299,"z":0.09570252895355225,"w":0.8195748925209045},"size":3.900017023086548,"orthographic":false}