{"cameraMode":{"drawMode":0,"name":"Shaded","section":"Shading Mode"},"sceneLighting":false,"audioPlay":false,"sceneViewState":{"showFog":true,"showMaterialUpdate":true,"showSkybox":false,"showFlares":true,"showImageEffects":true,"showParticleSystems":true},"in2DMode":false,"pivot":{"x":4.682016372680664,"y":0.02885603904724121,"z":6.293551921844482},"rotation":{"x":0.16266091167926789,"y":-0.24865613877773286,"z":0.042401570826768878,"w":0.9538942575454712},"size":5.100017547607422,"orthographic":false}