{"cameraMode":{"drawMode":0,"name":"Shaded","section":"Shading Mode"},"sceneLighting":true,"audioPlay":false,"sceneViewState":{"showFog":false,"showMaterialUpdate":true,"showSkybox":false,"showFlares":false,"showImageEffects":false,"showParticleSystems":true},"in2DMode":false,"pivot":{"x":-8.830035209655762,"y":-6.890460014343262,"z":11.645111083984375},"rotation":{"x":-0.20949262380599976,"y":0.3041398823261261,"z":-0.0687502771615982,"w":-0.9267685413360596},"size":8.794740676879883,"orthographic":false}