{"cameraMode":{"drawMode":0,"name":"Shaded","section":"Shading Mode"},"sceneLighting":true,"audioPlay":false,"sceneViewState":{"showFog":true,"showMaterialUpdate":false,"showSkybox":true,"showFlares":true,"showImageEffects":true,"showParticleSystems":true},"in2DMode":false,"pivot":{"x":-56.081233978271487,"y":4.8925628662109379,"z":-57.68122863769531},"rotation":{"x":-0.2104763239622116,"y":-0.10476379841566086,"z":0.022695118561387063,"w":-0.9717100262641907},"size":24.080839157104493,"orthographic":false}