{"cameraMode":{"drawMode":0,"name":"Shaded","section":"Shading Mode"},"sceneLighting":true,"audioPlay":false,"sceneViewState":{"showFog":false,"showMaterialUpdate":true,"showSkybox":false,"showFlares":false,"showImageEffects":false,"showParticleSystems":true},"in2DMode":false,"pivot":{"x":-1.8648704290390015,"y":1.3432607650756837,"z":3.897038221359253},"rotation":{"x":-0.009980224072933197,"y":-0.20113810896873475,"z":-0.0020530428737401964,"w":0.9796044230461121},"size":2.3294906616210939,"orthographic":false}