{"cameraMode":{"drawMode":0,"name":"Shaded","section":"Shading Mode"},"sceneLighting":true,"audioPlay":false,"sceneViewState":{"showFog":false,"showMaterialUpdate":true,"showSkybox":false,"showFlares":false,"showImageEffects":false,"showParticleSystems":true},"in2DMode":false,"pivot":{"x":1.9408819675445557,"y":1.69854736328125,"z":4.677924156188965},"rotation":{"x":-0.013188263401389122,"y":-0.012011063285171986,"z":-0.00016222418344113976,"w":0.9999324679374695},"size":3.8294904232025148,"orthographic":false}