{"cameraMode":{"drawMode":0,"name":"Shaded","section":"Shading Mode"},"sceneLighting":true,"audioPlay":false,"sceneViewState":{"showFog":false,"showMaterialUpdate":true,"showSkybox":false,"showFlares":false,"showImageEffects":false,"showParticleSystems":true},"in2DMode":false,"pivot":{"x":-3.6718978881835939,"y":-7.884959697723389,"z":15.09339714050293},"rotation":{"x":0.3974158465862274,"y":-0.1463133841753006,"z":0.06433822214603424,"w":0.9036955237388611},"size":9.827325820922852,"orthographic":false}