{"cameraMode":{"drawMode":0,"name":"Shaded","section":"Shading Mode"},"sceneLighting":true,"audioPlay":false,"sceneViewState":{"showFog":false,"showMaterialUpdate":true,"showSkybox":false,"showFlares":false,"showImageEffects":false,"showParticleSystems":true},"in2DMode":false,"pivot":{"x":-1.6386418342590333,"y":1.449684739112854,"z":4.204666614532471},"rotation":{"x":0.024139398708939554,"y":-0.11819807440042496,"z":0.0028637691866606476,"w":0.9927461743354797},"size":3.155874490737915,"orthographic":false}