{"cameraMode":{"drawMode":0,"name":"Shaded","section":"Shading Mode"},"sceneLighting":true,"audioPlay":false,"sceneViewState":{"showFog":false,"showMaterialUpdate":true,"showSkybox":false,"showFlares":false,"showImageEffects":false,"showParticleSystems":true},"in2DMode":false,"pivot":{"x":-0.21149012446403504,"y":1.1279711723327637,"z":0.1550787091255188},"rotation":{"x":0.0735616385936737,"y":-0.20934171974658967,"z":0.015806877985596658,"w":0.9749804735183716},"size":0.520982027053833,"orthographic":false}