{"cameraMode":{"drawMode":0,"name":"Shaded","section":"Shading Mode"},"sceneLighting":true,"audioPlay":false,"sceneViewState":{"showFog":false,"showMaterialUpdate":true,"showSkybox":false,"showFlares":false,"showImageEffects":false,"showParticleSystems":true},"in2DMode":false,"pivot":{"x":-1.28379225730896,"y":-2.755373001098633,"z":6.486968517303467},"rotation":{"x":0.08995416015386582,"y":-0.07164929062128067,"z":0.006489527877420187,"w":0.9933558702468872},"size":4.025422096252441,"orthographic":false}