{"cameraMode":{"drawMode":0,"name":"Shaded","section":"Shading Mode"},"sceneLighting":true,"audioPlay":false,"sceneViewState":{"showFog":false,"showMaterialUpdate":true,"showSkybox":false,"showFlares":false,"showImageEffects":false,"showParticleSystems":true},"in2DMode":false,"pivot":{"x":-2.4930059909820558,"y":-2.3851118087768556,"z":4.499816417694092},"rotation":{"x":0.13369812071323396,"y":-0.1318923830986023,"z":0.01795780472457409,"w":0.9820549488067627},"size":4.960710525512695,"orthographic":false}