{"cameraMode":{"drawMode":0,"name":"Shaded","section":"Shading Mode"},"sceneLighting":false,"audioPlay":false,"sceneViewState":{"showFog":true,"showMaterialUpdate":false,"showSkybox":false,"showFlares":true,"showImageEffects":true,"showParticleSystems":true},"in2DMode":false,"pivot":{"x":0.9271954298019409,"y":0.9494937658309937,"z":2.2140049934387209},"rotation":{"x":-0.14343813061714173,"y":-0.7147413492202759,"z":0.15369442105293275,"w":-0.6670452356338501},"size":3.024744749069214,"orthographic":false}