{"cameraMode":{"drawMode":0,"name":"Shaded","section":"Shading Mode"},"sceneLighting":true,"audioPlay":false,"sceneViewState":{"showFog":true,"showMaterialUpdate":false,"showSkybox":true,"showFlares":true,"showImageEffects":true,"showParticleSystems":true},"in2DMode":false,"pivot":{"x":821.7141723632813,"y":541.603271484375,"z":574.0475463867188},"rotation":{"x":-0.024304255843162538,"y":0.015592766925692559,"z":-0.000379230739781633,"w":-0.9995844960212708},"size":1162.3070068359375,"orthographic":false}