{"cameraMode":{"drawMode":0,"name":"Shaded","section":"Shading Mode"},"sceneLighting":false,"audioPlay":false,"sceneViewState":{"showFog":true,"showMaterialUpdate":false,"showSkybox":false,"showFlares":true,"showImageEffects":true,"showParticleSystems":true},"in2DMode":false,"pivot":{"x":0.21753549575805665,"y":0.08794474601745606,"z":1.515315055847168},"rotation":{"x":0.23557455837726594,"y":-0.026236683130264283,"z":0.00636217650026083,"w":0.971483588218689},"size":4.261843681335449,"orthographic":false}