{"cameraMode":{"drawMode":0,"name":"Shaded","section":"Shading Mode"},"sceneLighting":true,"audioPlay":false,"sceneViewState":{"showFog":true,"showMaterialUpdate":false,"showSkybox":true,"showFlares":true,"showImageEffects":true,"showParticleSystems":true},"in2DMode":false,"pivot":{"x":22.216882705688478,"y":3.3415346145629885,"z":33.53784942626953},"rotation":{"x":-0.1386699080467224,"y":-0.7871548533439636,"z":0.1916370987892151,"w":-0.5695903301239014},"size":1.9784209728240967,"orthographic":false}