{"cameraMode":{"drawMode":0,"name":"Shaded","section":"Shading Mode"},"sceneLighting":false,"audioPlay":false,"sceneViewState":{"showFog":true,"showMaterialUpdate":false,"showSkybox":false,"showFlares":true,"showImageEffects":true,"showParticleSystems":true},"in2DMode":false,"pivot":{"x":33.115238189697269,"y":3.615659236907959,"z":44.76487731933594},"rotation":{"x":0.23557455837726594,"y":-0.026236683130264283,"z":0.00636217650026083,"w":0.971483588218689},"size":5.186444282531738,"orthographic":false}