{"cameraMode":{"drawMode":0,"name":"Shaded","section":"Shading Mode"},"sceneLighting":false,"audioPlay":false,"sceneViewState":{"showFog":true,"showMaterialUpdate":false,"showSkybox":false,"showFlares":true,"showImageEffects":true,"showParticleSystems":true},"in2DMode":false,"pivot":{"x":-13.545146942138672,"y":9.0,"z":-65.96052551269531},"rotation":{"x":0.23557455837726594,"y":-0.026236683130264283,"z":0.00636217650026083,"w":0.971483588218689},"size":21.574644088745118,"orthographic":false}