{"cameraMode":{"drawMode":0,"name":"Shaded","section":"Shading Mode"},"sceneLighting":false,"audioPlay":false,"sceneViewState":{"showFog":true,"showMaterialUpdate":false,"showSkybox":false,"showFlares":true,"showImageEffects":true,"showParticleSystems":true},"in2DMode":false,"pivot":{"x":862.1483764648438,"y":262.1596374511719,"z":-32.226806640625},"rotation":{"x":-0.052780233323574069,"y":0.014077065512537957,"z":-0.0007475009188055992,"w":-0.9985132217407227},"size":303.4315490722656,"orthographic":false}