{"cameraMode":{"drawMode":0,"name":"Shaded","section":"Shading Mode"},"sceneLighting":true,"audioPlay":false,"sceneViewState":{"showFog":true,"showMaterialUpdate":false,"showSkybox":true,"showFlares":true,"showImageEffects":true,"showParticleSystems":true},"in2DMode":false,"pivot":{"x":146.90765380859376,"y":-146.3994140625,"z":928.3143920898438},"rotation":{"x":-0.229460209608078,"y":-0.2360527217388153,"z":0.057467732578516009,"w":-0.9425145387649536},"size":1002.7036743164063,"orthographic":false}