{"cameraMode":{"drawMode":0,"name":"Shaded","section":"Shading Mode"},"sceneLighting":true,"audioPlay":false,"sceneViewState":{"showFog":true,"showMaterialUpdate":true,"showSkybox":true,"showFlares":true,"showImageEffects":true,"showParticleSystems":true},"in2DMode":false,"pivot":{"x":39.817543029785159,"y":-4.40513801574707,"z":31.308713912963868},"rotation":{"x":-0.18592946231365205,"y":-0.6829802393913269,"z":0.18637463450431825,"w":-0.6813508868217468},"size":38.64309310913086,"orthographic":false}