{"cameraMode":{"drawMode":0,"name":"Shaded","section":"Shading Mode"},"sceneLighting":false,"audioPlay":false,"sceneViewState":{"showFog":true,"showMaterialUpdate":true,"showSkybox":false,"showFlares":true,"showImageEffects":true,"showParticleSystems":true},"in2DMode":false,"pivot":{"x":1.1264095306396485,"y":2.1776280403137209,"z":-0.04076826572418213},"rotation":{"x":-0.17717131972312928,"y":-0.6306792497634888,"z":0.15093214809894563,"w":-0.7403255105018616},"size":5.100017547607422,"orthographic":false}