{"cameraMode":{"drawMode":0,"name":"Shaded","section":"Shading Mode"},"sceneLighting":false,"audioPlay":false,"sceneViewState":{"showFog":true,"showMaterialUpdate":true,"showSkybox":false,"showFlares":true,"showImageEffects":true,"showParticleSystems":true},"in2DMode":false,"pivot":{"x":10.257274627685547,"y":-21.437711715698243,"z":7.3627777099609379},"rotation":{"x":-0.14140979945659638,"y":0.3732556998729706,"z":-0.05766049027442932,"w":-0.9150999784469605},"size":40.308353424072269,"orthographic":false}