{"cameraMode":{"drawMode":0,"name":"Shaded","section":"Shading Mode"},"sceneLighting":false,"audioPlay":false,"sceneViewState":{"showFog":true,"showMaterialUpdate":true,"showSkybox":false,"showFlares":true,"showImageEffects":true,"showParticleSystems":true},"in2DMode":false,"pivot":{"x":39.599998474121097,"y":1.5,"z":30.881011962890626},"rotation":{"x":0.21590906381607057,"y":0.6619153022766113,"z":-0.20802262425422669,"w":0.6870102286338806},"size":3.1439387798309328,"orthographic":false}