{"cameraMode":{"drawMode":0,"name":"Shaded","section":"Shading Mode"},"sceneLighting":false,"audioPlay":false,"sceneViewState":{"showFog":true,"showMaterialUpdate":true,"showSkybox":false,"showFlares":true,"showImageEffects":true,"showParticleSystems":true},"in2DMode":false,"pivot":{"x":69.63844299316406,"y":6.6804327964782719,"z":14.583540916442871},"rotation":{"x":0.010661445558071137,"y":0.908086895942688,"z":-0.023161236196756364,"w":0.4180053174495697},"size":8.636432647705079,"orthographic":false}