{"cameraMode":{"drawMode":0,"name":"Shaded","section":"Shading Mode"},"sceneLighting":false,"audioPlay":false,"sceneViewState":{"showFog":true,"showMaterialUpdate":true,"showSkybox":false,"showFlares":true,"showImageEffects":true,"showParticleSystems":true},"in2DMode":false,"pivot":{"x":1.8395671844482422,"y":5.11293888092041,"z":0.7597924470901489},"rotation":{"x":0.2763496935367584,"y":0.7234733700752258,"z":-0.4564502537250519,"w":0.4381266236305237},"size":5.056569576263428,"orthographic":false}