{"cameraMode":{"drawMode":0,"name":"Shaded","section":"Shading Mode"},"sceneLighting":true,"audioPlay":false,"sceneViewState":{"showFog":true,"showMaterialUpdate":true,"showSkybox":true,"showFlares":true,"showImageEffects":true,"showParticleSystems":true},"in2DMode":false,"pivot":{"x":36.36823654174805,"y":-0.9677886962890625,"z":20.795738220214845},"rotation":{"x":-0.06524323672056198,"y":-0.9347509741783142,"z":0.24456241726875306,"w":-0.24936740100383759},"size":32.68378448486328,"orthographic":false}