{"cameraMode":{"drawMode":0,"name":"Shaded","section":"Shading Mode"},"sceneLighting":false,"audioPlay":false,"sceneViewState":{"showFog":true,"showMaterialUpdate":true,"showSkybox":false,"showFlares":true,"showImageEffects":true,"showParticleSystems":true},"in2DMode":false,"pivot":{"x":0.3160982131958008,"y":0.6306139230728149,"z":0.05090087652206421},"rotation":{"x":-0.17717131972312928,"y":-0.6306792497634888,"z":0.15093214809894563,"w":-0.7403255105018616},"size":1.8000173568725587,"orthographic":false}