{"cameraMode":{"drawMode":0,"name":"Shaded","section":"Shading Mode"},"sceneLighting":false,"audioPlay":false,"sceneViewState":{"showFog":true,"showMaterialUpdate":true,"showSkybox":false,"showFlares":true,"showImageEffects":true,"showParticleSystems":true},"in2DMode":false,"pivot":{"x":0.5915651321411133,"y":0.1484851837158203,"z":1.6133801937103272},"rotation":{"x":0.1769055873155594,"y":0.5434547662734985,"z":-0.11838271468877793,"w":0.8120176792144775},"size":4.692000865936279,"orthographic":false}