{"cameraMode":{"drawMode":0,"name":"Shaded","section":"Shading Mode"},"sceneLighting":false,"audioPlay":false,"sceneViewState":{"showFog":true,"showMaterialUpdate":true,"showSkybox":false,"showFlares":true,"showImageEffects":true,"showParticleSystems":true},"in2DMode":false,"pivot":{"x":-0.19815397262573243,"y":2.9677772521972658,"z":2.655225992202759},"rotation":{"x":0.22845052182674409,"y":0.7693917751312256,"z":-0.3877677023410797,"w":0.4533955156803131},"size":2.881992816925049,"orthographic":false}