{"cameraMode":{"drawMode":0,"name":"Shaded","section":"Shading Mode"},"sceneLighting":false,"audioPlay":false,"sceneViewState":{"showFog":true,"showMaterialUpdate":true,"showSkybox":false,"showFlares":true,"showImageEffects":true,"showParticleSystems":true},"in2DMode":false,"pivot":{"x":27.435047149658204,"y":7.583253860473633,"z":54.75568771362305},"rotation":{"x":-0.2562335431575775,"y":-0.6250121593475342,"z":0.22842958569526673,"w":-0.7010883688926697},"size":10.434005737304688,"orthographic":false}