{"cameraMode":{"drawMode":0,"name":"Shaded","section":"Shading Mode"},"sceneLighting":false,"audioPlay":false,"sceneViewState":{"showFog":true,"showMaterialUpdate":true,"showSkybox":false,"showFlares":true,"showImageEffects":true,"showParticleSystems":true},"in2DMode":false,"pivot":{"x":981.93310546875,"y":557.470458984375,"z":-160.0880126953125},"rotation":{"x":0.00037824883474968374,"y":-0.9968808889389038,"z":0.07881547510623932,"w":0.0047812918201088909},"size":858.4677124023438,"orthographic":false}