{"cameraMode":{"drawMode":0,"name":"Shaded","section":"Shading Mode"},"sceneLighting":true,"audioPlay":false,"sceneViewState":{"showFog":true,"showMaterialUpdate":true,"showSkybox":true,"showFlares":true,"showImageEffects":true,"showParticleSystems":true},"in2DMode":false,"pivot":{"x":38.667659759521487,"y":-5.901512145996094,"z":45.82373809814453},"rotation":{"x":-0.19338424503803254,"y":-0.6334723234176636,"z":0.1677701622247696,"w":-0.73018878698349},"size":29.417213439941408,"orthographic":false}